core_id	header	length	N_count	pct_N	action	reason
AFI-KNM-205	hChikV/Kenya/AFI-KNM-205/2025	11841	0	0	KEEP	"Trusted, GenBank-submitted (SUB16345942)"
AFI-KNM-210	hChikV/Kenya/AFI-KNM-210/2025	11841	0	0	KEEP	"Trusted, GenBank-submitted (SUB16345942)"
AFI-KNM-213	hChikV/Kenya/AFI-KNM-213/2025	11840	0	0	KEEP	"Trusted, GenBank-submitted (SUB16345942)"
AFI-KNM-264	hChikV/Kenya/AFI-KNM-264/2025	11696	0	0	KEEP	"Trusted, GenBank-submitted (SUB16345942)"
AFI-KNM-425	hChikV/Kenya/AFI-KNM-425/2026	11837	0	0	KEEP	"Trusted, GenBank-submitted (SUB16345942)"
AFI-LAM-2226	hChikV/Kenya/AFI-LAM-2226/2025	11721	0	0	KEEP	"Trusted, GenBank-submitted (SUB16345942)"
AFI-LAM-2291	AFI-LAM-2291	3648	10	0.3	EXCLUDE (fragment)	Short fragment; below near-complete threshold
AFI-LAM-2364	AFI-LAM-2364	1846	26	1.4	EXCLUDE (fragment)	Short fragment; below near-complete threshold
AFI-LAM-2366	hChikV/Kenya/AFI-LAM-2366/2025	11610	0	0	KEEP	"Trusted, GenBank-submitted (SUB16345942)"
AFI-LAM-2372	AFI-LAM-2372	2012	24	1.2	EXCLUDE (fragment)	Short fragment; below near-complete threshold
AFI-LAM-2381	AFI-LAM-2381	7518	99	1.3	EXCLUDE (fragment)	Short fragment; below near-complete threshold
AFI-LAM-2388	hChikV/Kenya/AFI-LAM-2388/2025	11840	0	0	KEEP	"Trusted, GenBank-submitted (SUB16345942)"
AFI-LAM-2389	hChikV/Kenya/AFI-LAM-2389/2025	11739	0	0	KEEP	"Trusted, GenBank-submitted (SUB16345942)"
AFI-LAM-2444	hChikV/Kenya/AFI-LAM-2444/2025	11543	0	0	KEEP	"Trusted, GenBank-submitted (SUB16345942)"
AFI-LAM-2446	hChikV/Kenya/AFI-LAM-2446/2025	11841	0	0	KEEP	"Trusted, GenBank-submitted (SUB16345942)"
AFI-LAM-2450	hChikV/Kenya/AFI-LAM-2450/2025	11763	0	0	KEEP	"Trusted, GenBank-submitted (SUB16345942)"
AFI-LAM-2451	hChikV/Kenya/AFI-LAM-2451/2025	11791	0	0	KEEP	"Trusted, GenBank-submitted (SUB16345942)"
AFI-LAM-2452	hChikV/Kenya/AFI-LAM-2452/2025	11841	0	0	KEEP	"Trusted, GenBank-submitted (SUB16345942)"
AFI-LAM-2453	hChikV/Kenya/AFI-LAM-2453/2025	11786	0	0	KEEP	"Trusted, GenBank-submitted (SUB16345942)"
AFI-LAM-2455	hChikV/Kenya/AFI-LAM-2455/2025	11841	0	0	KEEP	"Trusted, GenBank-submitted (SUB16345942)"
AFI-LAM-2456	hChikV/Kenya/AFI-LAM-2456/2025	11840	0	0	KEEP	"Trusted, GenBank-submitted (SUB16345942)"
AFI-LAM-2458	AFI-LAM-2458	11826	10624	89.8	DROP	"Heavy N-padding"
AFI-LAM-2463	hChikV/Kenya/AFI-LAM-2463/2025	11703	0	0	KEEP	"Trusted, GenBank-submitted (SUB16345942)"
AFI-LAM-2610	AFI-LAM-2610	11809	0	0	KEEP	"11840bp/0N (amended 11840bp/3N, 99.97%)"
AFI-LAM-2612	hChikV/Kenya/AFI-LAM-2612/2025	11772	0	0	KEEP	"Trusted, GenBank-submitted (SUB16345942)"
AFI-LAM-2613	hChikV/Kenya/AFI-LAM-2613/2025	11840	0	0	KEEP	"Trusted, GenBank-submitted (SUB16345942)"
AFI-LAM-2614	hChikV/Kenya/AFI-LAM-2614/2025	11838	0	0	KEEP	"Trusted, GenBank-submitted (SUB16345942)"
AFI-LAM-2685	hChikV/Kenya/AFI-LAM-2685/2025	11840	0	0	KEEP	"Trusted, GenBank-submitted (SUB16345942)"
AFI-LAM-2726	hChikV/Kenya/AFI-LAM-2726/2025	11839	0	0	KEEP	"Trusted, GenBank-submitted (SUB16345942)"
AFI-LAM-2728	hChikV/Kenya/AFI-LAM-2728/2025	11626	0	0	KEEP	"Trusted, GenBank-submitted (SUB16345942)"
AFI-LAM-2786	hChikV/Kenya/AFI-LAM-2786/2025	11802	0	0	KEEP	"Trusted, GenBank-submitted (SUB16345942)"
AFI-LAM-2811	AFI-LAM-2811	11480	0	0	KEEP	"near-complete (11480bp/0N)"
AFI-LAM-2812	hChikV/Kenya/AFI-LAM-2812/2026	11840	0	0	KEEP	"Trusted, GenBank-submitted (SUB16345942)"
AFI-LAM-2825	hChikV/Kenya/AFI-LAM-2825/2026	11837	0	0	KEEP	"Trusted, GenBank-submitted (SUB16345942)"
AFI-LAM-2901	hChikV/Kenya/AFI-LAM-2901/2026	11837	0	0	KEEP	"Trusted, GenBank-submitted (SUB16345942)"
AFI-LAM-2954	hChikV/Kenya/AFI-LAM-2954/2026	11537	0	0	KEEP	"Trusted, GenBank-submitted (SUB16345942)"
AFI-LAM-3105	AFI-LAM-3105	11838	0	0	KEEP	"Trusted, GenBank-submitted (SUB16416954)"
AFI-LAM-3118	AFI-LAM-3118	11625	0	0	KEEP	"Trusted, GenBank-submitted (SUB16416954)"
AFI-LAM-3121	AFI-LAM-3121	11837	0	0	KEEP	"Trusted, GenBank-submitted (SUB16416954)"
AFI-LAM-3128	AFI-LAM-3128	11837	0	0	KEEP	"Trusted, GenBank-submitted (SUB16416954)"
AFI-LAM-3139	AFI-LAM-3139	11837	0	0	KEEP	"Trusted, GenBank-submitted (SUB16416954)"
AFI-LAM-3146	AFI-LAM-3146	11705	0	0	KEEP	"Trusted, GenBank-submitted (SUB16416954)"
AFI-LAM-3150	AFI-LAM-3150	11586	0	0	KEEP	"Trusted, GenBank-submitted (SUB16416954)"
AFI-LAM-3151	AFI-LAM-3151	8923	2543	28.5	EXCLUDE (partial/low depth)	"Top-level consensus 8923bp, 0N, Amended consensus is 28.5% outside range"
AFI-LAM-3157	AFI-LAM-3157	11413	0	0	KEEP	"Trusted, GenBank-submitted (SUB16416954)"
AFI-LAM-3162	AFI-LAM-3162	11677	0	0	KEEP	"Trusted, GenBank-submitted (SUB16416954)"
AFI-LAM-3166	AFI-LAM-3166	11837	0	0	KEEP	"Trusted, GenBank-submitted (SUB16416954)"
AFI-LAM-3167	AFI-LAM-3167	11717	0	0	KEEP	"Trusted, GenBank-submitted (SUB16416954)"
AFI-LAM-3168	AFI-LAM-3168	11792	0	0	KEEP	"Trusted, GenBank-submitted (SUB16416954)"
AFI-LAM-3173	AFI-LAM-3173	11747	0	0	KEEP	"Trusted, GenBank-submitted (SUB16416954)"
AFI-LAM-3179	AFI-LAM-3179	11730	0	0	KEEP	"Trusted, GenBank-submitted (SUB16416954)"
AFI-LKN-039	AFI-LKN-039	10388	142	1.4	DROP	"10255bp/1N but amended (support/quality-masked) consensus is 99.7% N (10220/10255)"
AFI-LKN-053	hChikV/Kenya/AFI-LKN-053/2025	11841	0	0	KEEP	"Trusted, GenBank-submitted (SUB16345942)"
AFI-LKN-086	AFI-LKN-086	11010	1	0	KEEP	"queue GenBank"
AFI-LKN-088	hChikV/Kenya/AFI-LKN-088/2025	11827	0	0	KEEP	"Trusted, GenBank-submitted (SUB16345942)"
AFI-LKN-089	hChikV/Kenya/AFI-LKN-089/2025	11432	0	0	KEEP	"Trusted, GenBank-submitted (SUB16345942)"
AFI-LKN-097	hChikV/Kenya/AFI-LKN-097/2025	11841	0	0	KEEP	"Trusted, GenBank-submitted (SUB16345942)"
AFI-LKN-138	hChikV/Kenya/AFI-LKN-138/2025	11714	0	0	KEEP	"Trusted, GenBank-submitted (SUB16345942)"
AFI-LKN-139	hChikV/Kenya/AFI-LKN-139/2025	11723	0	0	KEEP	"Trusted, GenBank-submitted (SUB16345942)"
AFI-LKN-141	hChikV/Kenya/AFI-LKN-141/2025	11839	0	0	KEEP	"Trusted, GenBank-submitted (SUB16345942)"
AFI-LKN-144	hChikV/Kenya/AFI-LKN-144/2025	11627	0	0	KEEP	"Trusted, GenBank-submitted (SUB16345942)"
AFI-LKN-146	hChikV/Kenya/AFI-LKN-146/2025	11828	0	0	KEEP	"Trusted, GenBank-submitted (SUB16345942)"
AFI-LKN-147	hChikV/Kenya/AFI-LKN-147/2025	11841	0	0	KEEP	"Trusted, GenBank-submitted (SUB16345942)"
AFI-LKN-149	hChikV/Kenya/AFI-LKN-149/2025	11843	0	0	KEEP	"Trusted, GenBank-submitted (SUB16345942)"
AFI-LKN-150	hChikV/Kenya/AFI-LKN-150/2025	11841	0	0	KEEP	"Trusted, GenBank-submitted (SUB16345942)"
AFI-LKN-151	AFI-LKN-151	3017	56	1.9	EXCLUDE (fragment)	"Short fragment; below near-complete threshold"
AFI-LKN-152	hChikV/Kenya/AFI-LKN-152/2025	11533	0	0	KEEP	"Trusted, GenBank-submitted (SUB16345942)"
AFI-LKN-153	hChikV/Kenya/AFI-LKN-153/2025	11761	0	0	KEEP	"Trusted, GenBank-submitted (SUB16345942)"
AFI-LKN-154	hChikV/Kenya/AFI-LKN-154/2025	11624	0	0	KEEP	"Trusted, GenBank-submitted (SUB16345942)"
AFI-LKN-155	hChikV/Kenya/AFI-LKN-155/2025	11604	0	0	KEEP	"Trusted, GenBank-submitted (SUB16345942)"
AFI-LKN-156	hChikV/Kenya/AFI-LKN-156/2025	11716	0	0	KEEP	"Trusted, GenBank-submitted (SUB16345942)"
AFI-LKN-157	hChikV/Kenya/AFI-LKN-157/2025	11584	0	0	KEEP	"Trusted, GenBank-submitted (SUB16345942)"
AFI-LKN-158	AFI-LKN-158	3117	69	2.2	EXCLUDE (fragment)	"Short fragment; below near-complete threshold"
AFI-LKN-160	hChikV/Kenya/AFI-LKN-160/2025	11631	0	0	KEEP	"Trusted, GenBank-submitted (SUB16345942)"
AFI-LKN-161	hChikV/Kenya/AFI-LKN-161/2025	11670	0	0	KEEP	"Trusted, GenBank-submitted (SUB16345942)"
AFI-LKN-162	hChikV/Kenya/AFI-LKN-162/2025	11655	0	0	KEEP	"Trusted, GenBank-submitted (SUB16345942)"
AFI-LKN-164	hChikV/Kenya/AFI-LKN-164/2025	11627	0	0	KEEP	"Trusted, GenBank-submitted (SUB16345942)"
AFI-LKN-166	hChikV/Kenya/AFI-LKN-166/2025	11843	0	0	KEEP	"Trusted, GenBank-submitted (SUB16345942)"
AFI-LKN-167	hChikV/Kenya/AFI-LKN-167/2025	11703	0	0	KEEP	"Trusted, GenBank-submitted (SUB16345942)"
AFI-LKN-169	hChikV/Kenya/AFI-LKN-169/2025	11619	0	0	KEEP	"Trusted, GenBank-submitted (SUB16345942)"
AFI-LKN-170	hChikV/Kenya/AFI-LKN-170/2025	11840	0	0	KEEP	"Trusted, GenBank-submitted (SUB16345942)"
AFI-LKN-171	hChikV/Kenya/AFI-LKN-171/2025	11630	0	0	KEEP	"Trusted, GenBank-submitted (SUB16345942)"
AFI-LKN-172	hChikV/Kenya/AFI-LKN-172/2025	11845	0	0	KEEP	"Trusted, GenBank-submitted (SUB16345942)"
AFI-LKN-173	hChikV/Kenya/AFI-LKN-173/2025	11711	0	0	KEEP	"Trusted, GenBank-submitted (SUB16345942)"
AFI-LKN-174	hChikV/Kenya/AFI-LKN-174/2025	11728	0	0	KEEP	"Trusted, GenBank-submitted (SUB16345942)"
AFI-LKN-175	hChikV/Kenya/AFI-LKN-175/2025	11734	0	0	KEEP	"Trusted, GenBank-submitted (SUB16345942)"
AFI-LKN-176	hChikV/Kenya/AFI-LKN-176/2025	11751	0	0	KEEP	"Trusted, GenBank-submitted (SUB16345942)"
AFI-LKN-177	hChikV/Kenya/AFI-LKN-177/2025	11835	0	0	KEEP	"Trusted, GenBank-submitted (SUB16345942)"
AFI-LKN-180	AFI-LKN-180	8119	8	0.1	EXCLUDE (partial)	"IRMA-confirmed but <8000bp in both pipelines; document only"
AFI-LKN-181	hChikV/Kenya/AFI-LKN-181/2025	11593	0	0	KEEP	"Trusted, GenBank-submitted (SUB16345942)"
AFI-LKN-182	hChikV/Kenya/AFI-LKN-182/2025	11626	0	0	KEEP	"Trusted, GenBank-submitted (SUB16345942)"
AFI-LKN-183	hChikV/Kenya/AFI-LKN-183/2025	11821	0	0	KEEP	"Trusted, GenBank-submitted (SUB16345942)"
AFI-LKN-184	hChikV/Kenya/AFI-LKN-184/2025	11670	0	0	KEEP	"Trusted, GenBank-submitted (SUB16345942)"
AFI-LKN-252	hChikV/Kenya/AFI-LKN-252/2025	11796	0	0	KEEP	"Trusted, GenBank-submitted (SUB16345942)"
AFI-LKN-253	hChikV/Kenya/AFI-LKN-253/2025	11845	0	0	KEEP	"Trusted, GenBank-submitted (SUB16345942)"
AFI-LKN-254	hChikV/Kenya/AFI-LKN-254/2025	11841	0	0	KEEP	"Trusted, GenBank-submitted (SUB16345942)"
AFI-LKN-255	hChikV/Kenya/AFI-LKN-255/2025	11827	0	0	KEEP	"Trusted, GenBank-submitted (SUB16345942)"
AFI-LKN-256	hChikV/Kenya/AFI-LKN-256/2025	11743	0	0	KEEP	"Trusted, GenBank-submitted (SUB16345942)"
AFI-LKN-257	hChikV/Kenya/AFI-LKN-257/2025	11665	0	0	KEEP	"Trusted, GenBank-submitted (SUB16345942)"
AFI-LKN-258	hChikV/Kenya/AFI-LKN-258/2025	11805	0	0	KEEP	"Trusted, GenBank-submitted (SUB16345942)"
AFI-LKN-259	hChikV/Kenya/AFI-LKN-259/2025	11584	0	0	KEEP	"Trusted, GenBank-submitted (SUB16345942)"
AFI-LKN-262	hChikV/Kenya/AFI-LKN-262/2025	11838	0	0	KEEP	"Trusted, GenBank-submitted (SUB16345942)"
AFI-LKN-263	hChikV/Kenya/AFI-LKN-263/2025	11742	0	0	KEEP	"Trusted, GenBank-submitted (SUB16345942)"
AFI-LKN-264	hChikV/Kenya/AFI-LKN-264/2025	11578	0	0	KEEP	"Trusted, GenBank-submitted (SUB16345942)"
AFI-LKN-266	hChikV/Kenya/AFI-LKN-266/2025	11841	0	0	KEEP	"Trusted, GenBank-submitted (SUB16345942)"
AFI-LKN-267	hChikV/Kenya/AFI-LKN-267/2025	11841	0	0	KEEP	"Trusted, GenBank-submitted (SUB16345942)"
AFI-LKN-268	hChikV/Kenya/AFI-LKN-268/2025	11774	0	0	KEEP	"Trusted, GenBank-submitted (SUB16345942)"
AFI-LKN-270	hChikV/Kenya/AFI-LKN-270/2025	11618	0	0	KEEP	"Trusted, GenBank-submitted (SUB16345942)"
AFI-LKN-271	hChikV/Kenya/AFI-LKN-271/2025	11780	0	0	KEEP	"Trusted, GenBank-submitted (SUB16345942)"
AFI-LKN-272	hChikV/Kenya/AFI-LKN-272/2025	11534	0	0	KEEP	"Trusted, GenBank-submitted (SUB16345942)"
AFI-LKN-274	hChikV/Kenya/AFI-LKN-274/2025	11841	0	0	KEEP	"Trusted, GenBank-submitted (SUB16345942)"
AFI-LKN-350	hChikV/Kenya/AFI-LKN-350/2025	11625	0	0	KEEP	"Trusted, GenBank-submitted (SUB16345942)"
AFI-LKN-393	hChikV/Kenya/AFI-LKN-393/2025	11841	0	0	KEEP	"Trusted, GenBank-submitted (SUB16345942)"
AFI-MNB-1725	AFI-MNB-1725	6116	163	2.7	EXCLUDE (fragment)	"Short fragment; below near-complete threshold"
AFI-MNB-1729	hChikV/Kenya/AFI-MNB-1729/2025	11663	0	0	KEEP	"Trusted, GenBank-submitted (SUB16345942)"
AFI-MNB-1758	hChikV/Kenya/AFI-MNB-1758/2025	11564	0	0	KEEP	"Trusted, GenBank-submitted (SUB16345942)"
AFI-MNB-1765	hChikV/Kenya/AFI-MNB-1765/2025	11842	0	0	KEEP	"Trusted, GenBank-submitted (SUB16345942)"
AFI-MNB-1785	hChikV/Kenya/AFI-MNB-1785/2025	11841	0	0	KEEP	"Trusted, GenBank-submitted (SUB16345942)"
AFI-MNB-1786	hChikV/Kenya/AFI-MNB-1786/2025	11844	0	0	KEEP	"Trusted, GenBank-submitted (SUB16345942)"
AFI-MNB-1788	hChikV/Kenya/AFI-MNB-1788/2025	11842	0	0	KEEP	"Trusted, GenBank-submitted (SUB16345942)"
AFI-MNB-1789	hChikV/Kenya/AFI-MNB-1789/2025	11841	0	0	KEEP	"Trusted, GenBank-submitted (SUB16345942)"
AFI-MNB-1790	hChikV/Kenya/AFI-MNB-1790/2025	11842	0	0	KEEP	"Trusted, GenBank-submitted (SUB16345942)"
AFI-MNB-1793	hChikV/Kenya/AFI-MNB-1793/2025	11839	0	0	KEEP	"Trusted, GenBank-submitted (SUB16345942)"
AFI-MNB-1794	hChikV/Kenya/AFI-MNB-1794/2025	11764	0	0	KEEP	"Trusted, GenBank-submitted (SUB16345942)"
AFI-MNB-1796	hChikV/Kenya/AFI-MNB-1796/2025	11627	0	0	KEEP	"Trusted, GenBank-submitted (SUB16345942)"
AFI-MNB-1799	hChikV/Kenya/AFI-MNB-1799/2025	11790	0	0	KEEP	"Trusted, GenBank-submitted (SUB16345942)"
AFI-MNB-1800	hChikV/Kenya/AFI-MNB-1800/2025	11620	0	0	KEEP	"Trusted, GenBank-submitted (SUB16345942)"
AFI-MNB-1801	hChikV/Kenya/AFI-MNB-1801/2025	11843	0	0	KEEP	"Trusted, GenBank-submitted (SUB16345942)"
AFI-MNB-1802	hChikV/Kenya/AFI-MNB-1802/2025	11841	0	0	KEEP	"Trusted, GenBank-submitted (SUB16345942)"
AFI-MNB-1803	hChikV/Kenya/AFI-MNB-1803/2025	11842	0	0	KEEP	"Trusted, GenBank-submitted (SUB16345942)"
AFI-MNB-1804	hChikV/Kenya/AFI-MNB-1804/2025	11841	0	0	KEEP	"Trusted, GenBank-submitted (SUB16345942)"
AFI-MNB-1805	hChikV/Kenya/AFI-MNB-1805/2025	11835	0	0	KEEP	"Trusted, GenBank-submitted (SUB16345942)"
AFI-MNB-1806	hChikV/Kenya/AFI-MNB-1806/2025	11613	0	0	KEEP	"Trusted, GenBank-submitted (SUB16345942)"
AFI-MNB-1807	hChikV/Kenya/AFI-MNB-1807/2025	11590	0	0	KEEP	"Trusted, GenBank-submitted (SUB16345942)"
AFI-MNB-1809	hChikV/Kenya/AFI-MNB-1809/2025	11772	0	0	KEEP	"Trusted, GenBank-submitted (SUB16345942)"
AFI-MNB-1810	hChikV/Kenya/AFI-MNB-1810/2025	11537	0	0	KEEP	"Trusted, GenBank-submitted (SUB16345942)"
AFI-MNB-1811	hChikV/Kenya/AFI-MNB-1811/2025	11693	0	0	KEEP	"Trusted, GenBank-submitted (SUB16345942)"
AFI-MNB-1812	hChikV/Kenya/AFI-MNB-1812/2025	11584	0	0	KEEP	"Trusted, GenBank-submitted (SUB16345942)"
AFI-MNB-1813	hChikV/Kenya/AFI-MNB-1813/2025	11690	0	0	KEEP	"Trusted, GenBank-submitted (SUB16345942)"
AFI-MNB-1875	hChikV/Kenya/AFI-MNB-1875/2025	11636	0	0	KEEP	"Trusted, GenBank-submitted (SUB16345942)"
AFI-MNB-1876	hChikV/Kenya/AFI-MNB-1876/2025	11843	48	0.4	KEEP	"Trusted, GenBank-submitted (SUB16345942)"
AFI-MNB-1877	hChikV/Kenya/AFI-MNB-1877/2025	11842	0	0	KEEP	"Trusted, GenBank-submitted (SUB16345942)"
AFI-MNB-1878	hChikV/Kenya/AFI-MNB-1878/2025	11842	0	0	KEEP	"Trusted, GenBank-submitted (SUB16345942)"
AFI-MNB-1880	AFI-MNB-1880	11322	0	0	KEEP	"queue GenBank"
AFI-MNB-1882	hChikV/Kenya/AFI-MNB-1882/2025	11841	0	0	KEEP	"Trusted, GenBank-submitted (SUB16345942)"
AFI-MNB-1885	hChikV/Kenya/AFI-MNB-1885/2025	11810	0	0	KEEP	"Trusted, GenBank-submitted (SUB16345942)"
AFI-MNB-1886	hChikV/Kenya/AFI-MNB-1886/2025	11830	0	0	KEEP	"Trusted, GenBank-submitted (SUB16345942)"
AFI-MNB-1888	hChikV/Kenya/AFI-MNB-1888/2025	11837	0	0	KEEP	"Trusted, GenBank-submitted (SUB16345942)"
AFI-MNB-1889	AFI-MNB-1889	9361	0	0	KEEP	"queue GenBank"
AFI-MNB-1890	hChikV/Kenya/AFI-MNB-1890/2025	11842	0	0	KEEP	"Trusted, GenBank-submitted (SUB16345942)"
AFI-MNB-1892	hChikV/Kenya/AFI-MNB-1892/2025	11841	0	0	KEEP	"Trusted, GenBank-submitted (SUB16345942)"
AFI-MNB-1893	hChikV/Kenya/AFI-MNB-1893/2025	11841	0	0	KEEP	"Trusted, GenBank-submitted (SUB16345942)"
AFI-MNB-1894	hChikV/Kenya/AFI-MNB-1894/2025	11683	0	0	KEEP	"Trusted, GenBank-submitted (SUB16345942)"
AFI-MNB-1970	AFI-MNB-1970	7303	0	0	EXCLUDE (partial)	"IRMA-confirmed but <8000bp in both pipelines; document only"
AFI-MNB-1975	hChikV/Kenya/AFI-MNB-1975/2025	11838	0	0	KEEP	"Trusted, GenBank-submitted (SUB16345942)"
nvrl-603	nvrl-603	11814	231	2	KEEP	"Well-supported PCR-positive Garissa genome. 11583bp callable at -m 20 vs 11811bp at -m 2, GenBank-submitted (SUB16416474)"
nvrl-605	nvrl-605	11814	234	2	KEEP	"Well-supported PCR-positive Garissa genome. 11580bp callable at -m 20 vs 11811bp at -m 2, GenBank-submitted (SUB16416474)"
nvrl-606	nvrl-606	11814	218	1.8	KEEP	"Well-supported PCR-positive Garissa genome. 11596bp callable at -m 20 vs 11768bp at -m 2, GenBank-submitted (SUB16416474)"
nvrl-608	nvrl-608	11812	229	1.9	KEEP	"Well-supported PCR-positive Garissa genome. 11583bp callable at -m 20 vs 11737bp at -m 2, GenBank-submitted (SUB16416474)"
nvrl-614	nvrl-614	11809	0	0	KEEP	"Well-supported PCR-positive Garissa genome. 11809bp callable at -m 20 vs 11809bp at -m 2, GenBank-submitted (SUB16416474)"
nvrl-616	nvrl-616	11812	64	0.5	KEEP	"Well-supported PCR-positive Garissa genome. 11748bp callable at -m 20 vs 11812bp at -m 2, GenBank-submitted (SUB16416474)"
nvrl-631	nvrl-631	11831	7744	65.5	EXCLUDE (N-padded)	"65.5% N"
nvrl-638	nvrl-638	11836	5877	49.7	EXCLUDE (N-padded)	"49.7% N"
nvrl-639	nvrl-639	11827	10929	92.4	EXCLUDE (N-padded)	"92.4% N"
nvrl-641	nvrl-641	11827	2096	17.7	EXCLUDE (insufficient depth)	"Mean ONT depth only 5.4x; at -m 20 **0bp** remain callable (was 9727bp at -m 2). PCR-positive (Ct 20.21)"
nvrl-649	nvrl-649	11829	3643	30.8	EXCLUDE (partial/low depth)	"30.8% N, which was excluded as borderline/low-depth"
