genbank_accession	genbank_accession_rev	strain	date	region	country	division	location	length	host	lineage	release_date	update_date	sra_accessions	authors	institution
AFI-KNM-205	AFI-KNM-205	AFI-KNM-205	2025-01-15	Africa	Kenya	Lamu	Lamu East		Homo sapiens	East-Central-South-African	2026-01-27	2026-01-27		Mutai et al.	WRAIR-Africa
AFI-KNM-210	AFI-KNM-210	AFI-KNM-210	2025-01-21	Africa	Kenya	Lamu	Lamu East		Homo sapiens	East-Central-South-African	2026-01-27	2026-01-27		Mutai et al.	WRAIR-Africa
AFI-KNM-213	AFI-KNM-213	AFI-KNM-213	2025-02-06	Africa	Kenya	Lamu	Lamu West		Homo sapiens	East-Central-South-African	2026-01-27	2026-01-27		Mutai et al.	WRAIR-Africa
AFI-KNM-264	AFI-KNM-264	AFI-KNM-264	2025-05-09	Africa	Kenya	Lamu	Lamu West		Homo sapiens	East-Central-South-African	2026-01-27	2026-01-27		Mutai et al.	WRAIR-Africa
AFI-KNM-425	AFI-KNM-425	AFI-KNM-425	2026-03-09	Africa	Kenya	Lamu	Lamu West		Homo sapiens	East-Central-South-African	2026-08-08	2026-08-08		Mutai et al.	WRAIR-Africa
AFI-LAM-2226	AFI-LAM-2226	AFI-LAM-2226	2025-02-24	Africa	Kenya	Lamu	Lamu West		Homo sapiens	East-Central-South-African	2026-01-27	2026-01-27		Mutai et al.	WRAIR-Africa
AFI-LAM-2366	AFI-LAM-2366	AFI-LAM-2366	2025-05-13	Africa	Kenya	Lamu	Lamu West		Homo sapiens	East-Central-South-African	2026-01-27	2026-01-27		Mutai et al.	WRAIR-Africa
AFI-LAM-2388	AFI-LAM-2388	AFI-LAM-2388	2025-05-19	Africa	Kenya	Lamu	Lamu West		Homo sapiens	East-Central-South-African	2026-01-27	2026-01-27		Mutai et al.	WRAIR-Africa
AFI-LAM-2389	AFI-LAM-2389	AFI-LAM-2389	2025-05-19	Africa	Kenya	Lamu	Lamu West		Homo sapiens	East-Central-South-African	2026-01-27	2026-01-27		Mutai et al.	WRAIR-Africa
AFI-LAM-2444	AFI-LAM-2444	AFI-LAM-2444	2025-06-18	Africa	Kenya	Lamu	Lamu West		Homo sapiens	East-Central-South-African	2026-01-27	2026-01-27		Mutai et al.	WRAIR-Africa
AFI-LAM-2446	AFI-LAM-2446	AFI-LAM-2446	2025-06-18	Africa	Kenya	Lamu	Lamu West		Homo sapiens	East-Central-South-African	2026-01-27	2026-01-27		Mutai et al.	WRAIR-Africa
AFI-LAM-2450	AFI-LAM-2450	AFI-LAM-2450	2025-06-19	Africa	Kenya	Lamu	Lamu West		Homo sapiens	East-Central-South-African	2026-01-27	2026-01-27		Mutai et al.	WRAIR-Africa
AFI-LAM-2451	AFI-LAM-2451	AFI-LAM-2451	2025-06-19	Africa	Kenya	Lamu	Lamu West		Homo sapiens	East-Central-South-African	2026-01-27	2026-01-27		Mutai et al.	WRAIR-Africa
AFI-LAM-2452	AFI-LAM-2452	AFI-LAM-2452	2025-06-19	Africa	Kenya	Lamu	Lamu West		Homo sapiens	East-Central-South-African	2026-01-27	2026-01-27		Mutai et al.	WRAIR-Africa
AFI-LAM-2453	AFI-LAM-2453	AFI-LAM-2453	2025-06-19	Africa	Kenya	Lamu	Lamu West		Homo sapiens	East-Central-South-African	2026-01-27	2026-01-27		Mutai et al.	WRAIR-Africa
AFI-LAM-2455	AFI-LAM-2455	AFI-LAM-2455	2025-06-20	Africa	Kenya	Lamu	Lamu West		Homo sapiens	East-Central-South-African	2026-01-27	2026-01-27		Mutai et al.	WRAIR-Africa
AFI-LAM-2456	AFI-LAM-2456	AFI-LAM-2456	2025-06-23	Africa	Kenya	Lamu	Lamu East		Homo sapiens	East-Central-South-African	2026-01-27	2026-01-27		Mutai et al.	WRAIR-Africa
AFI-LAM-2463	AFI-LAM-2463	AFI-LAM-2463	2025-06-25	Africa	Kenya	Lamu	Lamu West		Homo sapiens	East-Central-South-African	2026-01-27	2026-01-27		Mutai et al.	WRAIR-Africa
AFI-LAM-2610	AFI-LAM-2610	AFI-LAM-2610	2025-08-20	Africa	Kenya	Lamu	Lamu West		Homo sapiens	East-Central-South-African	2026-01-27	2026-01-27		Mutai et al.	WRAIR-Africa
AFI-LAM-2612	AFI-LAM-2612	AFI-LAM-2612	2025-08-28	Africa	Kenya	Lamu	Lamu West		Homo sapiens	East-Central-South-African	2026-01-27	2026-01-27		Mutai et al.	WRAIR-Africa
AFI-LAM-2613	AFI-LAM-2613	AFI-LAM-2613	2025-08-29	Africa	Kenya	Lamu	Lamu West		Homo sapiens	East-Central-South-African	2026-01-27	2026-01-27		Mutai et al.	WRAIR-Africa
AFI-LAM-2614	AFI-LAM-2614	AFI-LAM-2614	2025-09-02	Africa	Kenya	Lamu	Lamu West		Homo sapiens	East-Central-South-African	2026-01-27	2026-01-27		Mutai et al.	WRAIR-Africa
AFI-LAM-2685	AFI-LAM-2685	AFI-LAM-2685	2025-10-09	Africa	Kenya	Lamu	Lamu West		Homo sapiens	East-Central-South-African	2026-01-27	2026-01-27		Mutai et al.	WRAIR-Africa
AFI-LAM-2726	AFI-LAM-2726	AFI-LAM-2726	2025-10-30	Africa	Kenya	Lamu	Lamu West		Homo sapiens	East-Central-South-African	2026-01-27	2026-01-27		Mutai et al.	WRAIR-Africa
AFI-LAM-2728	AFI-LAM-2728	AFI-LAM-2728	2025-10-30	Africa	Kenya	Lamu	Lamu East		Homo sapiens	East-Central-South-African	2026-01-27	2026-01-27		Mutai et al.	WRAIR-Africa
AFI-LAM-2786	AFI-LAM-2786	AFI-LAM-2786	2025-11-26	Africa	Kenya	Lamu	Lamu West		Homo sapiens	East-Central-South-African	2026-01-27	2026-01-27		Mutai et al.	WRAIR-Africa
AFI-LAM-2812	AFI-LAM-2812	AFI-LAM-2812	2026-01-06	Africa	Kenya	Lamu	Lamu West		Homo sapiens	East-Central-South-African	2026-08-08	2026-08-08		Mutai et al.	WRAIR-Africa
AFI-LAM-2825	AFI-LAM-2825	AFI-LAM-2825	2026-01-13	Africa	Kenya	Lamu	Lamu East		Homo sapiens	East-Central-South-African	2026-08-08	2026-08-08		Mutai et al.	WRAIR-Africa
AFI-LAM-2901	AFI-LAM-2901	AFI-LAM-2901	2026-03-09	Africa	Kenya	Lamu	Lamu West		Homo sapiens	East-Central-South-African	2026-08-08	2026-08-08		Mutai et al.	WRAIR-Africa
AFI-LAM-2954	AFI-LAM-2954	AFI-LAM-2954	2026-04-13	Africa	Kenya	Lamu	Lamu West		Homo sapiens	East-Central-South-African	2026-08-08	2026-08-08		Mutai et al.	WRAIR-Africa
AFI-LKN-053	AFI-LKN-053	AFI-LKN-053	2025-02-17	Africa	Kenya	Mombasa	Likoni		Homo sapiens	East-Central-South-African	2026-01-27	2026-01-27		Mutai et al.	WRAIR-Africa
AFI-LKN-086	AFI-LKN-086	AFI-LKN-086	2025-03-10	Africa	Kenya	Mombasa	Likoni		Homo sapiens	East-Central-South-African	2026-01-27	2026-01-27		Mutai et al.	WRAIR-Africa
AFI-LKN-088	AFI-LKN-088	AFI-LKN-088	2025-03-10	Africa	Kenya	Mombasa	Likoni		Homo sapiens	East-Central-South-African	2026-01-27	2026-01-27		Mutai et al.	WRAIR-Africa
AFI-LKN-089	AFI-LKN-089	AFI-LKN-089	2025-03-10	Africa	Kenya	Mombasa	Likoni		Homo sapiens	East-Central-South-African	2026-01-27	2026-01-27		Mutai et al.	WRAIR-Africa
AFI-LKN-097	AFI-LKN-097	AFI-LKN-097	2025-03-18	Africa	Kenya	Mombasa	Likoni		Homo sapiens	East-Central-South-African	2026-01-27	2026-01-27		Mutai et al.	WRAIR-Africa
AFI-LKN-138	AFI-LKN-138	AFI-LKN-138	2025-05-07	Africa	Kenya	Mombasa	Likoni		Homo sapiens	East-Central-South-African	2026-01-27	2026-01-27		Mutai et al.	WRAIR-Africa
AFI-LKN-139	AFI-LKN-139	AFI-LKN-139	2025-05-07	Africa	Kenya	Mombasa	Likoni		Homo sapiens	East-Central-South-African	2026-01-27	2026-01-27		Mutai et al.	WRAIR-Africa
AFI-LKN-141	AFI-LKN-141	AFI-LKN-141	2025-05-08	Africa	Kenya	Mombasa	Likoni		Homo sapiens	East-Central-South-African	2026-01-27	2026-01-27		Mutai et al.	WRAIR-Africa
AFI-LKN-144	AFI-LKN-144	AFI-LKN-144	2025-05-09	Africa	Kenya	Mombasa	Likoni		Homo sapiens	East-Central-South-African	2026-01-27	2026-01-27		Mutai et al.	WRAIR-Africa
AFI-LKN-146	AFI-LKN-146	AFI-LKN-146	2025-05-12	Africa	Kenya	Mombasa	Likoni		Homo sapiens	East-Central-South-African	2026-01-27	2026-01-27		Mutai et al.	WRAIR-Africa
AFI-LKN-147	AFI-LKN-147	AFI-LKN-147	2025-05-12	Africa	Kenya	Mombasa	Likoni		Homo sapiens	East-Central-South-African	2026-01-27	2026-01-27		Mutai et al.	WRAIR-Africa
AFI-LKN-149	AFI-LKN-149	AFI-LKN-149	2025-05-12	Africa	Kenya	Mombasa	Likoni		Homo sapiens	East-Central-South-African	2026-01-27	2026-01-27		Mutai et al.	WRAIR-Africa
AFI-LKN-150	AFI-LKN-150	AFI-LKN-150	2025-05-12	Africa	Kenya	Mombasa	Likoni		Homo sapiens	East-Central-South-African	2026-01-27	2026-01-27		Mutai et al.	WRAIR-Africa
AFI-LKN-152	AFI-LKN-152	AFI-LKN-152	2025-05-13	Africa	Kenya	Mombasa	Likoni		Homo sapiens	East-Central-South-African	2026-01-27	2026-01-27		Mutai et al.	WRAIR-Africa
AFI-LKN-153	AFI-LKN-153	AFI-LKN-153	2025-05-13	Africa	Kenya	Mombasa	Likoni		Homo sapiens	East-Central-South-African	2026-01-27	2026-01-27		Mutai et al.	WRAIR-Africa
AFI-LKN-154	AFI-LKN-154	AFI-LKN-154	2025-05-13	Africa	Kenya	Mombasa	Likoni		Homo sapiens	East-Central-South-African	2026-01-27	2026-01-27		Mutai et al.	WRAIR-Africa
AFI-LKN-155	AFI-LKN-155	AFI-LKN-155	2025-05-14	Africa	Kenya	Mombasa	Likoni		Homo sapiens	East-Central-South-African	2026-01-27	2026-01-27		Mutai et al.	WRAIR-Africa
AFI-LKN-156	AFI-LKN-156	AFI-LKN-156	2025-05-14	Africa	Kenya	Mombasa	Likoni		Homo sapiens	East-Central-South-African	2026-01-27	2026-01-27		Mutai et al.	WRAIR-Africa
AFI-LKN-157	AFI-LKN-157	AFI-LKN-157	2025-05-14	Africa	Kenya	Mombasa	Likoni		Homo sapiens	East-Central-South-African	2026-01-27	2026-01-27		Mutai et al.	WRAIR-Africa
AFI-LKN-160	AFI-LKN-160	AFI-LKN-160	2025-05-15	Africa	Kenya	Mombasa	Likoni		Homo sapiens	East-Central-South-African	2026-01-27	2026-01-27		Mutai et al.	WRAIR-Africa
AFI-LKN-161	AFI-LKN-161	AFI-LKN-161	2025-05-15	Africa	Kenya	Mombasa	Likoni		Homo sapiens	East-Central-South-African	2026-01-27	2026-01-27		Mutai et al.	WRAIR-Africa
AFI-LKN-162	AFI-LKN-162	AFI-LKN-162	2025-05-15	Africa	Kenya	Mombasa	Likoni		Homo sapiens	East-Central-South-African	2026-01-27	2026-01-27		Mutai et al.	WRAIR-Africa
AFI-LKN-164	AFI-LKN-164	AFI-LKN-164	2025-05-16	Africa	Kenya	Mombasa	Likoni		Homo sapiens	East-Central-South-African	2026-01-27	2026-01-27		Mutai et al.	WRAIR-Africa
AFI-LKN-166	AFI-LKN-166	AFI-LKN-166	2025-05-19	Africa	Kenya	Mombasa	Likoni		Homo sapiens	East-Central-South-African	2026-01-27	2026-01-27		Mutai et al.	WRAIR-Africa
AFI-LKN-167	AFI-LKN-167	AFI-LKN-167	2025-05-19	Africa	Kenya	Mombasa	Likoni		Homo sapiens	East-Central-South-African	2026-01-27	2026-01-27		Mutai et al.	WRAIR-Africa
AFI-LKN-169	AFI-LKN-169	AFI-LKN-169	2025-05-20	Africa	Kenya	Mombasa	Likoni		Homo sapiens	East-Central-South-African	2026-01-27	2026-01-27		Mutai et al.	WRAIR-Africa
AFI-LKN-170	AFI-LKN-170	AFI-LKN-170	2025-05-20	Africa	Kenya	Mombasa	Likoni		Homo sapiens	East-Central-South-African	2026-01-27	2026-01-27		Mutai et al.	WRAIR-Africa
AFI-LKN-171	AFI-LKN-171	AFI-LKN-171	2025-05-20	Africa	Kenya	Mombasa	Likoni		Homo sapiens	East-Central-South-African	2026-01-27	2026-01-27		Mutai et al.	WRAIR-Africa
AFI-LKN-172	AFI-LKN-172	AFI-LKN-172	2025-05-20	Africa	Kenya	Mombasa	Likoni		Homo sapiens	East-Central-South-African	2026-01-27	2026-01-27		Mutai et al.	WRAIR-Africa
AFI-LKN-173	AFI-LKN-173	AFI-LKN-173	2025-05-20	Africa	Kenya	Mombasa	Likoni		Homo sapiens	East-Central-South-African	2026-01-27	2026-01-27		Mutai et al.	WRAIR-Africa
AFI-LKN-174	AFI-LKN-174	AFI-LKN-174	2025-05-21	Africa	Kenya	Mombasa	Likoni		Homo sapiens	East-Central-South-African	2026-01-27	2026-01-27		Mutai et al.	WRAIR-Africa
AFI-LKN-175	AFI-LKN-175	AFI-LKN-175	2025-05-21	Africa	Kenya	Mombasa	Likoni		Homo sapiens	East-Central-South-African	2026-01-27	2026-01-27		Mutai et al.	WRAIR-Africa
AFI-LKN-176	AFI-LKN-176	AFI-LKN-176	2025-05-21	Africa	Kenya	Mombasa	Likoni		Homo sapiens	East-Central-South-African	2026-01-27	2026-01-27		Mutai et al.	WRAIR-Africa
AFI-LKN-177	AFI-LKN-177	AFI-LKN-177	2025-05-21	Africa	Kenya	Mombasa	Likoni		Homo sapiens	East-Central-South-African	2026-01-27	2026-01-27		Mutai et al.	WRAIR-Africa
AFI-LKN-181	AFI-LKN-181	AFI-LKN-181	2025-05-22	Africa	Kenya	Mombasa	Likoni		Homo sapiens	East-Central-South-African	2026-01-27	2026-01-27		Mutai et al.	WRAIR-Africa
AFI-LKN-182	AFI-LKN-182	AFI-LKN-182	2025-05-22	Africa	Kenya	Mombasa	Likoni		Homo sapiens	East-Central-South-African	2026-01-27	2026-01-27		Mutai et al.	WRAIR-Africa
AFI-LKN-183	AFI-LKN-183	AFI-LKN-183	2025-05-23	Africa	Kenya	Mombasa	Likoni		Homo sapiens	East-Central-South-African	2026-01-27	2026-01-27		Mutai et al.	WRAIR-Africa
AFI-LKN-184	AFI-LKN-184	AFI-LKN-184	2025-05-23	Africa	Kenya	Mombasa	Likoni		Homo sapiens	East-Central-South-African	2026-01-27	2026-01-27		Mutai et al.	WRAIR-Africa
AFI-LKN-252	AFI-LKN-252	AFI-LKN-252	2025-06-18	Africa	Kenya	Mombasa	Likoni		Homo sapiens	East-Central-South-African	2026-01-27	2026-01-27		Mutai et al.	WRAIR-Africa
AFI-LKN-253	AFI-LKN-253	AFI-LKN-253	2025-06-18	Africa	Kenya	Mombasa	Likoni		Homo sapiens	East-Central-South-African	2026-01-27	2026-01-27		Mutai et al.	WRAIR-Africa
AFI-LKN-254	AFI-LKN-254	AFI-LKN-254	2025-06-18	Africa	Kenya	Mombasa	Likoni		Homo sapiens	East-Central-South-African	2026-01-27	2026-01-27		Mutai et al.	WRAIR-Africa
AFI-LKN-255	AFI-LKN-255	AFI-LKN-255	2025-06-18	Africa	Kenya	Mombasa	Likoni		Homo sapiens	East-Central-South-African	2026-01-27	2026-01-27		Mutai et al.	WRAIR-Africa
AFI-LKN-256	AFI-LKN-256	AFI-LKN-256	2025-06-18	Africa	Kenya	Mombasa	Likoni		Homo sapiens	East-Central-South-African	2026-01-27	2026-01-27		Mutai et al.	WRAIR-Africa
AFI-LKN-257	AFI-LKN-257	AFI-LKN-257	2025-06-18	Africa	Kenya	Mombasa	Likoni		Homo sapiens	East-Central-South-African	2026-01-27	2026-01-27		Mutai et al.	WRAIR-Africa
AFI-LKN-258	AFI-LKN-258	AFI-LKN-258	2025-06-20	Africa	Kenya	Mombasa	Likoni		Homo sapiens	East-Central-South-African	2026-01-27	2026-01-27		Mutai et al.	WRAIR-Africa
AFI-LKN-259	AFI-LKN-259	AFI-LKN-259	2025-06-20	Africa	Kenya	Mombasa	Likoni		Homo sapiens	East-Central-South-African	2026-01-27	2026-01-27		Mutai et al.	WRAIR-Africa
AFI-LKN-262	AFI-LKN-262	AFI-LKN-262	2025-06-23	Africa	Kenya	Mombasa	Likoni		Homo sapiens	East-Central-South-African	2026-01-27	2026-01-27		Mutai et al.	WRAIR-Africa
AFI-LKN-263	AFI-LKN-263	AFI-LKN-263	2025-06-23	Africa	Kenya	Mombasa	Likoni		Homo sapiens	East-Central-South-African	2026-01-27	2026-01-27		Mutai et al.	WRAIR-Africa
AFI-LKN-264	AFI-LKN-264	AFI-LKN-264	2025-06-23	Africa	Kenya	Mombasa	Likoni		Homo sapiens	East-Central-South-African	2026-01-27	2026-01-27		Mutai et al.	WRAIR-Africa
AFI-LKN-266	AFI-LKN-266	AFI-LKN-266	2025-06-24	Africa	Kenya	Mombasa	Likoni		Homo sapiens	East-Central-South-African	2026-01-27	2026-01-27		Mutai et al.	WRAIR-Africa
AFI-LKN-267	AFI-LKN-267	AFI-LKN-267	2025-06-24	Africa	Kenya	Mombasa	Likoni		Homo sapiens	East-Central-South-African	2026-01-27	2026-01-27		Mutai et al.	WRAIR-Africa
AFI-LKN-268	AFI-LKN-268	AFI-LKN-268	2025-06-25	Africa	Kenya	Mombasa	Likoni		Homo sapiens	East-Central-South-African	2026-01-27	2026-01-27		Mutai et al.	WRAIR-Africa
AFI-LKN-270	AFI-LKN-270	AFI-LKN-270	2025-06-25	Africa	Kenya	Mombasa	Likoni		Homo sapiens	East-Central-South-African	2026-01-27	2026-01-27		Mutai et al.	WRAIR-Africa
AFI-LKN-271	AFI-LKN-271	AFI-LKN-271	2025-06-26	Africa	Kenya	Mombasa	Likoni		Homo sapiens	East-Central-South-African	2026-01-27	2026-01-27		Mutai et al.	WRAIR-Africa
AFI-LKN-272	AFI-LKN-272	AFI-LKN-272	2025-06-26	Africa	Kenya	Mombasa	Likoni		Homo sapiens	East-Central-South-African	2026-01-27	2026-01-27		Mutai et al.	WRAIR-Africa
AFI-LKN-274	AFI-LKN-274	AFI-LKN-274	2025-06-27	Africa	Kenya	Mombasa	Likoni		Homo sapiens	East-Central-South-African	2026-01-27	2026-01-27		Mutai et al.	WRAIR-Africa
AFI-LKN-350	AFI-LKN-350	AFI-LKN-350	2025-09-22	Africa	Kenya	Mombasa	Likoni		Homo sapiens	East-Central-South-African	2026-01-27	2026-01-27		Mutai et al.	WRAIR-Africa
AFI-LKN-393	AFI-LKN-393	AFI-LKN-393	2025-11-21	Africa	Kenya	Mombasa	Likoni		Homo sapiens	East-Central-South-African	2026-01-27	2026-01-27		Mutai et al.	WRAIR-Africa
AFI-MNB-1729	AFI-MNB-1729	AFI-MNB-1729	2025-02-18	Africa	Kenya	Mombasa	Likoni		Homo sapiens	East-Central-South-African	2026-01-27	2026-01-27		Mutai et al.	WRAIR-Africa
AFI-MNB-1758	AFI-MNB-1758	AFI-MNB-1758	2025-04-07	Africa	Kenya	Mombasa	Likoni		Homo sapiens	East-Central-South-African	2026-01-27	2026-01-27		Mutai et al.	WRAIR-Africa
AFI-MNB-1765	AFI-MNB-1765	AFI-MNB-1765	2025-04-11	Africa	Kenya	Mombasa	Likoni		Homo sapiens	East-Central-South-African	2026-01-27	2026-01-27		Mutai et al.	WRAIR-Africa
AFI-MNB-1785	AFI-MNB-1785	AFI-MNB-1785	2025-05-05	Africa	Kenya	Mombasa	Likoni		Homo sapiens	East-Central-South-African	2026-01-27	2026-01-27		Mutai et al.	WRAIR-Africa
AFI-MNB-1786	AFI-MNB-1786	AFI-MNB-1786	2025-05-05	Africa	Kenya	Mombasa	Likoni		Homo sapiens	East-Central-South-African	2026-01-27	2026-01-27		Mutai et al.	WRAIR-Africa
AFI-MNB-1788	AFI-MNB-1788	AFI-MNB-1788	2025-05-06	Africa	Kenya	Mombasa	Likoni		Homo sapiens	East-Central-South-African	2026-01-27	2026-01-27		Mutai et al.	WRAIR-Africa
AFI-MNB-1789	AFI-MNB-1789	AFI-MNB-1789	2025-05-07	Africa	Kenya	Mombasa	Likoni		Homo sapiens	East-Central-South-African	2026-01-27	2026-01-27		Mutai et al.	WRAIR-Africa
AFI-MNB-1790	AFI-MNB-1790	AFI-MNB-1790	2025-05-07	Africa	Kenya	Mombasa	Likoni		Homo sapiens	East-Central-South-African	2026-01-27	2026-01-27		Mutai et al.	WRAIR-Africa
AFI-MNB-1793	AFI-MNB-1793	AFI-MNB-1793	2025-05-08	Africa	Kenya	Mombasa	Likoni		Homo sapiens	East-Central-South-African	2026-01-27	2026-01-27		Mutai et al.	WRAIR-Africa
AFI-MNB-1794	AFI-MNB-1794	AFI-MNB-1794	2025-05-09	Africa	Kenya	Mombasa	Likoni		Homo sapiens	East-Central-South-African	2026-01-27	2026-01-27		Mutai et al.	WRAIR-Africa
AFI-MNB-1796	AFI-MNB-1796	AFI-MNB-1796	2025-05-09	Africa	Kenya	Mombasa	Likoni		Homo sapiens	East-Central-South-African	2026-01-27	2026-01-27		Mutai et al.	WRAIR-Africa
AFI-MNB-1799	AFI-MNB-1799	AFI-MNB-1799	2025-05-12	Africa	Kenya	Mombasa	Kisauni		Homo sapiens	East-Central-South-African	2026-01-27	2026-01-27		Mutai et al.	WRAIR-Africa
AFI-MNB-1800	AFI-MNB-1800	AFI-MNB-1800	2025-05-12	Africa	Kenya	Mombasa	Likoni		Homo sapiens	East-Central-South-African	2026-01-27	2026-01-27		Mutai et al.	WRAIR-Africa
AFI-MNB-1801	AFI-MNB-1801	AFI-MNB-1801	2025-05-12	Africa	Kenya	Mombasa	Likoni		Homo sapiens	East-Central-South-African	2026-01-27	2026-01-27		Mutai et al.	WRAIR-Africa
AFI-MNB-1802	AFI-MNB-1802	AFI-MNB-1802	2025-05-12	Africa	Kenya	Mombasa	Likoni		Homo sapiens	East-Central-South-African	2026-01-27	2026-01-27		Mutai et al.	WRAIR-Africa
AFI-MNB-1803	AFI-MNB-1803	AFI-MNB-1803	2025-05-13	Africa	Kenya	Mombasa	Likoni		Homo sapiens	East-Central-South-African	2026-01-27	2026-01-27		Mutai et al.	WRAIR-Africa
AFI-MNB-1804	AFI-MNB-1804	AFI-MNB-1804	2025-05-13	Africa	Kenya	Mombasa	Mvita		Homo sapiens	East-Central-South-African	2026-01-27	2026-01-27		Mutai et al.	WRAIR-Africa
AFI-MNB-1805	AFI-MNB-1805	AFI-MNB-1805	2025-05-13	Africa	Kenya	Mombasa	Likoni		Homo sapiens	East-Central-South-African	2026-01-27	2026-01-27		Mutai et al.	WRAIR-Africa
AFI-MNB-1806	AFI-MNB-1806	AFI-MNB-1806	2025-05-13	Africa	Kenya	Mombasa	Likoni		Homo sapiens	East-Central-South-African	2026-01-27	2026-01-27		Mutai et al.	WRAIR-Africa
AFI-MNB-1807	AFI-MNB-1807	AFI-MNB-1807	2025-05-13	Africa	Kenya	Mombasa	Likoni		Homo sapiens	East-Central-South-African	2026-01-27	2026-01-27		Mutai et al.	WRAIR-Africa
AFI-MNB-1809	AFI-MNB-1809	AFI-MNB-1809	2025-05-14	Africa	Kenya	Mombasa	Likoni		Homo sapiens	East-Central-South-African	2026-01-27	2026-01-27		Mutai et al.	WRAIR-Africa
AFI-MNB-1810	AFI-MNB-1810	AFI-MNB-1810	2025-05-14	Africa	Kenya	Mombasa	Likoni		Homo sapiens	East-Central-South-African	2026-01-27	2026-01-27		Mutai et al.	WRAIR-Africa
AFI-MNB-1811	AFI-MNB-1811	AFI-MNB-1811	2025-05-14	Africa	Kenya	Mombasa	Likoni		Homo sapiens	East-Central-South-African	2026-01-27	2026-01-27		Mutai et al.	WRAIR-Africa
AFI-MNB-1812	AFI-MNB-1812	AFI-MNB-1812	2025-05-14	Africa	Kenya	Mombasa	Likoni		Homo sapiens	East-Central-South-African	2026-01-27	2026-01-27		Mutai et al.	WRAIR-Africa
AFI-MNB-1813	AFI-MNB-1813	AFI-MNB-1813	2025-05-15	Africa	Kenya	Mombasa	Likoni		Homo sapiens	East-Central-South-African	2026-01-27	2026-01-27		Mutai et al.	WRAIR-Africa
AFI-MNB-1875	AFI-MNB-1875	AFI-MNB-1875	2025-06-17	Africa	Kenya	Mombasa	Likoni		Homo sapiens	East-Central-South-African	2026-01-27	2026-01-27		Mutai et al.	WRAIR-Africa
AFI-MNB-1876	AFI-MNB-1876	AFI-MNB-1876	2025-06-17	Africa	Kenya	Mombasa	Likoni		Homo sapiens	East-Central-South-African	2026-01-27	2026-01-27		Mutai et al.	WRAIR-Africa
AFI-MNB-1877	AFI-MNB-1877	AFI-MNB-1877	2025-06-17	Africa	Kenya	Mombasa	Likoni		Homo sapiens	East-Central-South-African	2026-01-27	2026-01-27		Mutai et al.	WRAIR-Africa
AFI-MNB-1878	AFI-MNB-1878	AFI-MNB-1878	2025-06-17	Africa	Kenya	Mombasa	Likoni		Homo sapiens	East-Central-South-African	2026-01-27	2026-01-27		Mutai et al.	WRAIR-Africa
AFI-MNB-1880	AFI-MNB-1880	AFI-MNB-1880	2025-06-17	Africa	Kenya	Mombasa	Likoni		Homo sapiens	East-Central-South-African	2026-01-27	2026-01-27		Mutai et al.	WRAIR-Africa
AFI-MNB-1882	AFI-MNB-1882	AFI-MNB-1882	2025-06-17	Africa	Kenya	Mombasa	Likoni		Homo sapiens	East-Central-South-African	2026-01-27	2026-01-27		Mutai et al.	WRAIR-Africa
AFI-MNB-1885	AFI-MNB-1885	AFI-MNB-1885	2025-06-18	Africa	Kenya	Mombasa	Likoni		Homo sapiens	East-Central-South-African	2026-01-27	2026-01-27		Mutai et al.	WRAIR-Africa
AFI-MNB-1886	AFI-MNB-1886	AFI-MNB-1886	2025-06-18	Africa	Kenya	Mombasa	Jomvu		Homo sapiens	East-Central-South-African	2026-01-27	2026-01-27		Mutai et al.	WRAIR-Africa
AFI-MNB-1888	AFI-MNB-1888	AFI-MNB-1888	2025-06-18	Africa	Kenya	Mombasa	Likoni		Homo sapiens	East-Central-South-African	2026-01-27	2026-01-27		Mutai et al.	WRAIR-Africa
AFI-MNB-1889	AFI-MNB-1889	AFI-MNB-1889	2025-06-18	Africa	Kenya	Mombasa	Likoni		Homo sapiens	East-Central-South-African	2026-01-27	2026-01-27		Mutai et al.	WRAIR-Africa
AFI-MNB-1890	AFI-MNB-1890	AFI-MNB-1890	2025-06-18	Africa	Kenya	Mombasa	Likoni		Homo sapiens	East-Central-South-African	2026-01-27	2026-01-27		Mutai et al.	WRAIR-Africa
AFI-MNB-1892	AFI-MNB-1892	AFI-MNB-1892	2025-06-19	Africa	Kenya	Mombasa	Kisauni		Homo sapiens	East-Central-South-African	2026-01-27	2026-01-27		Mutai et al.	WRAIR-Africa
AFI-MNB-1893	AFI-MNB-1893	AFI-MNB-1893	2025-06-19	Africa	Kenya	Mombasa	Likoni		Homo sapiens	East-Central-South-African	2026-01-27	2026-01-27		Mutai et al.	WRAIR-Africa
AFI-MNB-1894	AFI-MNB-1894	AFI-MNB-1894	2025-06-20	Africa	Kenya	Mombasa	Likoni		Homo sapiens	East-Central-South-African	2026-01-27	2026-01-27		Mutai et al.	WRAIR-Africa
AFI-MNB-1975	AFI-MNB-1975	AFI-MNB-1975	2025-09-02	Africa	Kenya	Mombasa	Likoni		Homo sapiens	East-Central-South-African	2026-01-27	2026-01-27		Mutai et al.	WRAIR-Africa
nvrl-603	nvrl-603	nvrl-603	2024-12-05	Africa	Kenya	Garissa	Hagadera		Homo sapiens	East-Central-South-African	2026-01-27	2026-01-27		Mutai et al.	WRAIR-Africa
nvrl-605	nvrl-605	nvrl-605	2024-12-05	Africa	Kenya	Garissa	Hagadera		Homo sapiens	East-Central-South-African	2026-01-27	2026-01-27		Mutai et al.	WRAIR-Africa
nvrl-606	nvrl-606	nvrl-606	2024-12-05	Africa	Kenya	Garissa	Hagadera		Homo sapiens	East-Central-South-African	2026-01-27	2026-01-27		Mutai et al.	WRAIR-Africa
nvrl-608	nvrl-608	nvrl-608	2024-12-05	Africa	Kenya	Garissa	Hagadera		Homo sapiens	East-Central-South-African	2026-01-27	2026-01-27		Mutai et al.	WRAIR-Africa
nvrl-614	nvrl-614	nvrl-614	2024-12-05	Africa	Kenya	Garissa	Hagadera		Homo sapiens	East-Central-South-African	2026-01-27	2026-01-27		Mutai et al.	WRAIR-Africa
nvrl-616	nvrl-616	nvrl-616	2024-12-05	Africa	Kenya	Garissa	Hagadera		Homo sapiens	East-Central-South-African	2026-01-27	2026-01-27		Mutai et al.	WRAIR-Africa
AFI-LAM-2811	AFI-LAM-2811	AFI-LAM-2811	2026-01-05	Africa	Kenya	Lamu	Lamu West		Homo sapiens	East-Central-South-African	2026-08-08	2026-08-08		Mutai et al.	WRAIR-Africa
AFI-LAM-3105	AFI-LAM-3105	AFI-LAM-3105	2026-06-11	Africa	Kenya	Lamu	Lamu West		Homo sapiens	East-Central-South-African	2026-08-08	2026-08-08		Mutai et al.	WRAIR-Africa
AFI-LAM-3118	AFI-LAM-3118	AFI-LAM-3118	2026-06-17	Africa	Kenya	Lamu	Lamu West		Homo sapiens	East-Central-South-African	2026-08-08	2026-08-08		Mutai et al.	WRAIR-Africa
AFI-LAM-3121	AFI-LAM-3121	AFI-LAM-3121	2026-06-18	Africa	Kenya	Lamu	Lamu West		Homo sapiens	East-Central-South-African	2026-08-08	2026-08-08		Mutai et al.	WRAIR-Africa
AFI-LAM-3128	AFI-LAM-3128	AFI-LAM-3128	2026-06-19	Africa	Kenya	Lamu	Lamu West		Homo sapiens	East-Central-South-African	2026-08-08	2026-08-08		Mutai et al.	WRAIR-Africa
AFI-LAM-3139	AFI-LAM-3139	AFI-LAM-3139	2026-06-22	Africa	Kenya	Lamu	Lamu West		Homo sapiens	East-Central-South-African	2026-08-08	2026-08-08		Mutai et al.	WRAIR-Africa
AFI-LAM-3146	AFI-LAM-3146	AFI-LAM-3146	2026-06-24	Africa	Kenya	Lamu	Lamu West		Homo sapiens	East-Central-South-African	2026-08-08	2026-08-08		Mutai et al.	WRAIR-Africa
AFI-LAM-3150	AFI-LAM-3150	AFI-LAM-3150	2026-06-25	Africa	Kenya	Lamu	Lamu West		Homo sapiens	East-Central-South-African	2026-08-08	2026-08-08		Mutai et al.	WRAIR-Africa
AFI-LAM-3157	AFI-LAM-3157	AFI-LAM-3157	2026-06-26	Africa	Kenya	Lamu	Lamu West		Homo sapiens	East-Central-South-African	2026-08-08	2026-08-08		Mutai et al.	WRAIR-Africa
AFI-LAM-3162	AFI-LAM-3162	AFI-LAM-3162	2026-06-29	Africa	Kenya	Lamu	Lamu West		Homo sapiens	East-Central-South-African	2026-08-08	2026-08-08		Mutai et al.	WRAIR-Africa
AFI-LAM-3166	AFI-LAM-3166	AFI-LAM-3166	2026-07-01	Africa	Kenya	Lamu	Lamu West		Homo sapiens	East-Central-South-African	2026-08-08	2026-08-08		Mutai et al.	WRAIR-Africa
AFI-LAM-3167	AFI-LAM-3167	AFI-LAM-3167	2026-07-02	Africa	Kenya	Lamu	Lamu West		Homo sapiens	East-Central-South-African	2026-08-08	2026-08-08		Mutai et al.	WRAIR-Africa
AFI-LAM-3168	AFI-LAM-3168	AFI-LAM-3168	2026-07-02	Africa	Kenya	Lamu	Lamu West		Homo sapiens	East-Central-South-African	2026-08-08	2026-08-08		Mutai et al.	WRAIR-Africa
AFI-LAM-3173	AFI-LAM-3173	AFI-LAM-3173	2026-07-03	Africa	Kenya	Lamu	Lamu West		Homo sapiens	East-Central-South-African	2026-08-08	2026-08-08		Mutai et al.	WRAIR-Africa
AFI-LAM-3179	AFI-LAM-3179	AFI-LAM-3179	2026-07-06	Africa	Kenya	Lamu	Lamu West		Homo sapiens	East-Central-South-African	2026-08-08	2026-08-08		Mutai et al.	WRAIR-Africa
