sample	ngsmapper_coverage	IRMA_coverage	ngsmapper_missing_N	IRMA_missing_N	ngsmapper_frameshifts	IRMA_frameshifts	ngsmapper_aa_muts_n	IRMA_aa_muts_n	shared_aa_muts_n	jaccard_concordance	ngsmapper_only_aa_muts	IRMA_only_aa_muts
AFI-KNM-205	1.0000	1.0000	0	0	0	0	63	63	63	1.0000		
AFI-KNM-210	1.0000	1.0000	0	0	0	0	63	63	63	1.0000		
AFI-KNM-213	0.9985	1.0000	17	0	0	0	66	66	66	1.0000		
AFI-KNM-264	0.9849	0.9997	17	0	0	0	65	65	65	1.0000		
AFI-LAM-2226	0.9923	0.9964	12	0	0	0	66	66	66	1.0000		
AFI-LAM-2366	0.9966	0.9913	1	0	0	0	63	63	63	1.0000		
AFI-LAM-2388	0.9984	1.0000	17	0	0	0	63	63	63	1.0000		
AFI-LAM-2389	0.9921	0.9964	17	0	0	0	63	65	62	0.9394	nsP1:L407P	E2:A271V;nsP1:L407S;nsP1:P57S
AFI-LAM-2444	0.9732	0.9798	0	0	2	0	51	65	51	0.7846		nsP1:L507R;nsP1:Q488R;nsP1:T481I;nsP3:A382I;nsP3:I376T;nsP3:K352E;nsP3:L461P;nsP3:P326S;nsP3:P471L;nsP3:R524*;nsP3:S462N;nsP3:T337I;nsP3:V331A;nsP3:V438I
AFI-LAM-2446	0.9860	1.0000	0	0	0	0	64	64	64	1.0000		
AFI-LAM-2450	0.9992	0.9997	0	0	0	0	64	64	64	1.0000		
AFI-LAM-2451	0.9805	1.0000	231	0	0	0	63	63	63	1.0000		
AFI-LAM-2452	0.9969	1.0000	0	0	0	0	66	66	66	1.0000		
AFI-LAM-2453	0.9946	0.9997	3	0	0	0	64	64	64	1.0000		
AFI-LAM-2455	0.9977	1.0000	27	0	0	0	65	65	65	1.0000		
AFI-LAM-2456	0.9969	1.0000	0	0	0	0	63	63	63	1.0000		
AFI-LAM-2463	0.9762	0.9948	0	0	0	0	63	63	63	1.0000		
AFI-LAM-2612	0.9937	0.9997	0	0	1	0	65	65	65	1.0000		
AFI-LAM-2613	0.9882	1.0000	139	0	0	0	63	63	63	1.0000		
AFI-LAM-2614	0.9991	1.0000	0	0	1	0	65	65	65	1.0000		
AFI-LAM-2685	0.9838	1.0000	191	0	0	0	63	63	63	1.0000		
AFI-LAM-2726	0.9971	1.0000	34	0	0	0	65	65	65	1.0000		
AFI-LAM-2728	0.9673	0.9864	383	0	0	0	63	63	63	1.0000		
AFI-LAM-2786	0.9937	1.0000	74	0	0	0	65	65	65	1.0000		
AFI-LKN-053	0.9986	1.0000	17	0	0	0	64	64	64	1.0000		
AFI-LKN-088	0.9957	1.0000	17	0	0	0	64	64	64	1.0000		
AFI-LKN-089	0.9693	0.9668	1	0	0	0	63	65	63	0.9692		nsP2:E145K;nsP2:V151A
AFI-LKN-097	0.9970	1.0000	19	0	0	0	64	64	64	1.0000		
AFI-LKN-138	0.9962	1.0000	9	0	0	0	65	65	65	1.0000		
AFI-LKN-139	0.9968	1.0000	2	0	0	0	65	65	65	1.0000		
AFI-LKN-141	0.9964	1.0000	12	0	0	0	64	64	64	1.0000		
AFI-LKN-144	0.9799	0.9864	14	0	0	0	63	63	63	1.0000		
AFI-LKN-146	0.9975	1.0000	29	0	0	0	63	63	63	1.0000		
AFI-LKN-147	0.9978	1.0000	17	0	0	0	63	63	63	1.0000		
AFI-LKN-149	0.9985	1.0000	17	0	0	0	63	63	63	1.0000		
AFI-LKN-150	0.9986	1.0000	17	0	0	0	63	63	63	1.0000		
AFI-LKN-152	0.9975	1.0000	16	0	0	0	63	64	63	0.9844		nsP2:P647T
AFI-LKN-153	0.9978	0.9997	10	0	0	0	63	63	63	1.0000		
AFI-LKN-154	0.9849	0.9864	17	0	0	0	63	63	63	1.0000		
AFI-LKN-155	0.9990	0.9864	10	0	0	0	63	63	63	1.0000		
AFI-LKN-156	0.9958	0.9964	12	0	0	0	63	63	63	1.0000		
AFI-LKN-157	0.9853	0.9913	3	0	0	0	63	63	63	1.0000		
AFI-LKN-160	0.9809	0.9864	7	0	0	0	63	63	63	1.0000		
AFI-LKN-161	0.9962	0.9913	17	0	0	0	63	63	63	1.0000		
AFI-LKN-162	0.9819	0.9864	9	0	0	0	63	63	63	1.0000		
AFI-LKN-164	0.9804	0.9864	14	0	0	0	63	63	63	1.0000		
AFI-LKN-166	0.9972	1.0000	17	0	0	0	63	63	63	1.0000		
AFI-LKN-167	0.9951	0.9948	15	0	0	0	63	63	63	1.0000		
AFI-LKN-169	0.9797	0.9864	9	0	0	0	63	63	63	1.0000		
AFI-LKN-170	0.9924	1.0000	90	0	0	0	65	65	65	1.0000		
AFI-LKN-171	0.9797	0.9864	8	0	0	0	63	63	63	1.0000		
AFI-LKN-172	0.9989	1.0000	12	0	0	0	63	63	63	1.0000		
AFI-LKN-173	0.9867	0.9964	17	0	0	0	63	63	63	1.0000		
AFI-LKN-174	0.9974	0.9997	29	0	0	0	63	63	63	1.0000		
AFI-LKN-175	0.9941	1.0000	9	0	0	0	66	66	66	1.0000		
AFI-LKN-176	0.9896	0.9997	12	0	0	0	63	63	63	1.0000		
AFI-LKN-177	0.9990	1.0000	12	0	0	0	63	63	63	1.0000		
AFI-LKN-181	0.9809	0.9855	8	0	0	0	64	64	64	1.0000		
AFI-LKN-182	0.9794	0.9864	13	0	0	0	64	64	64	1.0000		
AFI-LKN-183	0.9957	1.0000	19	0	0	0	63	63	63	1.0000		
AFI-LKN-184	0.9855	0.9885	17	0	0	0	64	64	64	1.0000		
AFI-LKN-252	0.9943	1.0000	6	0	0	0	63	63	63	1.0000		
AFI-LKN-253	0.9885	1.0000	0	0	0	0	67	67	67	1.0000		
AFI-LKN-254	0.9885	1.0000	0	0	0	0	65	65	65	1.0000		
AFI-LKN-255	0.9885	1.0000	0	0	0	0	63	63	63	1.0000		
AFI-LKN-256	0.9805	0.9981	231	0	0	0	63	63	63	1.0000		
AFI-LKN-257	0.9805	0.9868	0	0	0	0	63	63	63	1.0000		
AFI-LKN-258	0.9805	1.0000	231	0	0	0	63	63	63	1.0000		
AFI-LKN-259	0.9768	0.9864	0	0	0	0	63	63	63	1.0000		
AFI-LKN-262	1.0000	1.0000	0	0	3	0	39	64	39	0.6094		C:S197L;E2:A344T;E2:I211T;E2:I415V;E2:I418V;E2:M267R;E2:M390I;E2:S299N;E2:S375T;E2:T312M;E2:V264A;E2:V386A;nsP3:A382I;nsP3:I171V;nsP3:I376T;nsP3:K352E;nsP3:L461P;nsP3:P326S;nsP3:P471L;nsP3:R524*;nsP3:S462N;nsP3:T337I;nsP3:V175I;nsP3:V331A;nsP3:Y217H
AFI-LKN-263	0.9844	0.9997	0	0	0	0	63	63	63	1.0000		
AFI-LKN-264	0.9751	0.9805	0	0	0	0	63	63	63	1.0000		
AFI-LKN-266	0.9969	1.0000	0	0	0	0	64	64	64	1.0000		
AFI-LKN-267	0.9955	1.0000	53	0	0	0	63	63	63	1.0000		
AFI-LKN-268	1.0000	1.0000	0	0	0	0	64	64	64	1.0000		
AFI-LKN-270	0.9805	0.9864	0	0	1	0	64	64	64	1.0000		
AFI-LKN-271	0.9884	1.0000	0	0	0	0	64	64	64	1.0000		
AFI-LKN-272	0.9803	0.9798	0	0	1	0	63	63	63	1.0000		
AFI-LKN-274	0.9999	1.0000	0	0	0	0	63	63	63	1.0000		
AFI-LKN-350	0.9805	0.9864	0	0	0	0	63	63	63	1.0000		
AFI-LKN-393	1.0000	1.0000	0	0	0	0	63	63	63	1.0000		
AFI-MNB-1729	0.9827	0.9868	13	0	0	0	63	63	63	1.0000		
AFI-MNB-1758	0.9750	0.9805	9	0	0	0	64	64	64	1.0000		
AFI-MNB-1765	0.9982	1.0000	17	0	0	0	64	64	64	1.0000		
AFI-MNB-1785	0.9985	1.0000	17	0	0	0	65	65	65	1.0000		
AFI-MNB-1786	0.9985	1.0000	17	0	0	0	63	63	63	1.0000		
AFI-MNB-1788	0.9986	1.0000	17	0	0	0	64	64	64	1.0000		
AFI-MNB-1789	0.9986	1.0000	17	0	0	0	63	63	63	1.0000		
AFI-MNB-1790	0.9985	1.0000	17	0	0	0	64	64	64	1.0000		
AFI-MNB-1793	0.9969	1.0000	17	0	0	0	65	65	65	1.0000		
AFI-MNB-1794	0.9985	0.9995	18	0	0	0	64	64	64	1.0000		
AFI-MNB-1796	0.9796	0.9864	14	0	0	0	64	64	64	1.0000		
AFI-MNB-1799	0.9984	0.9997	17	0	0	0	63	63	63	1.0000		
AFI-MNB-1800	0.9793	0.9864	14	0	0	0	64	64	64	1.0000		
AFI-MNB-1801	0.9981	1.0000	17	0	0	0	63	63	63	1.0000		
AFI-MNB-1802	0.9986	1.0000	17	0	0	0	64	64	64	1.0000		
AFI-MNB-1803	0.9985	1.0000	17	0	0	0	65	65	65	1.0000		
AFI-MNB-1804	0.9986	1.0000	17	0	0	0	65	65	65	1.0000		
AFI-MNB-1805	0.9986	1.0000	17	0	0	0	64	64	64	1.0000		
AFI-MNB-1806	0.9819	0.9864	14	0	0	0	65	65	65	1.0000		
AFI-MNB-1807	0.9792	0.9833	14	0	0	0	64	65	64	0.9846		nsP3:S450P
AFI-MNB-1809	0.9931	0.9997	12	0	0	0	63	63	63	1.0000		
AFI-MNB-1810	0.9724	0.9805	16	0	0	0	63	63	63	1.0000		
AFI-MNB-1811	0.9841	0.9915	12	0	0	0	65	65	65	1.0000		
AFI-MNB-1812	0.9763	0.9864	16	0	0	0	63	63	63	1.0000		
AFI-MNB-1813	0.9937	0.9997	16	0	0	0	63	63	63	1.0000		
AFI-MNB-1875	1.0000	0.9864	0	0	0	0	63	63	63	1.0000		
AFI-MNB-1876	0.9966	0.9959	40	48	0	0	63	63	63	1.0000		
AFI-MNB-1877	0.9994	1.0000	7	0	0	0	64	64	64	1.0000		
AFI-MNB-1878	0.9962	1.0000	45	0	0	0	64	64	64	1.0000		
AFI-MNB-1882	0.9858	1.0000	168	0	0	0	63	63	63	1.0000		
AFI-MNB-1885	1.0000	1.0000	0	0	0	0	63	63	63	1.0000		
AFI-MNB-1886	1.0000	1.0000	0	0	0	0	65	65	65	1.0000		
AFI-MNB-1888	0.9985	1.0000	0	0	0	0	63	63	63	1.0000		
AFI-MNB-1890	0.9861	1.0000	0	0	0	0	63	63	63	1.0000		
AFI-MNB-1892	0.9909	1.0000	108	0	0	0	63	63	63	1.0000		
AFI-MNB-1893	0.9811	1.0000	224	0	0	0	63	63	63	1.0000		
AFI-MNB-1894	1.0000	0.9913	0	0	0	0	63	63	63	1.0000		
AFI-MNB-1975	0.9945	1.0000	65	0	0	0	63	63	63	1.0000		
